season,id,predictions,odds
2018,4,0.4,2.5
2018,7,0.67,1.4925373134328357
2018,9,0.17,5.88235294117647
2018,11,0.01,100.0
2018,12,0.1,10.0
2018,15,0.02,50.0
2018,17,0.21,4.761904761904762
2018,18,0.0,200.0
2018,19,0.03,33.333333333333336
2018,20,0.03,33.333333333333336
2018,21,0.61,1.639344262295082
2018,22,0.28,3.571428571428571
2018,23,0.02,50.0
2018,26,0.17,5.88235294117647
2018,28,0.02,50.0
2018,30,0.17,5.88235294117647
